<?xml version="1.0" encoding="UTF-8"?>
<!DOCTYPE mapper
    PUBLIC "-//mybatis.org/DTD Mapper 3.0//EN"
    "http://mybatis.org/dtd/mybatis-3-mapper.dtd">
    
<mapper namespace="com.capstone.mappers.boardMapper">
   
  <!-- 작성 -->
 <insert id="write">
  insert into myBoard(bno, title, post, starcheck,  writer)
      values (myBoard_seq.nextval, #{title}, #{post}, #{starcheck}, #{writer})
 </insert>
 
  <!-- 목록 -->
 <select id="list" resultType="com.capstone.domain.BoardVO">
  select bno, post, writer, regDate,starcheck
      from myBoard
          order by bno desc
 </select>

 <!-- 수정 --> 
 <update id="update">
  update myBoard
   set
    title = #{title, jdbcType=VARCHAR},
    post = #{post, jdbcType=VARCHAR}
   where bno = #{bno}  
 </update>
 
 <!-- 삭제 -->
 <delete id="delete">
  delete from
   myBoard
  where bno = #{bno}
 </delete>
 
</mapper>