<?xml version="1.0" encoding="UTF-8"?>
<!DOCTYPE mapper
    PUBLIC "-//mybatis.org/DTD Mapper 3.0//EN"
    "http://mybatis.org/dtd/mybatis-3-mapper.dtd">
    
<mapper namespace="com.capstone.mappers.faqMapper">
   
  <!-- 작성 -->
 <insert id="write">
  insert into FAQ(bno, FAQ_TITLE, FAQ_KINDS, FAQ_CONTENT)
      values (FAQ_seq.nextval, #{FAQ_TITLE}, #{FAQ_KINDS}, #{FAQ_CONTENT})
 </insert>
 
 <!-- 조회 -->
 <select id="read" resultType="com.capstone.domain.FaqVO">
  select FAQ_TITLE, FAQ_KINDS, FAQ_CONTENT, FAQ_DATE
   from FAQ
    where bno = #{bno}
 </select>
 
  <!-- 목록 -->
 <select id="list" resultType="com.capstone.domain.FaqVO">
  select FAQ_TITLE, FAQ_KINDS, FAQ_CONTENT, FAQ_DATE
      from FAQ
          order by bno desc
 </select>

 <!-- 수정 --> 
 <update id="update">
  update FAQ
   set
    FAQ_TITLE = #{FAQ_TITLE, jdbcType=VARCHAR},
    FAQ_COTENT = #{FAQ_CONTENT, jdbcType=VARCHAR}
   where bno = #{bno}  
 </update>
 
 <!-- 삭제 -->
 <delete id="delete">
  delete from
   FAQ
  where bno = #{bno}
 </delete>
 
</mapper>