<?xml version="1.0" encoding="UTF-8"?>
<!DOCTYPE mapper
  PUBLIC "-//mybatis.org//DTD Mapper 3.0//EN"
  "http://mybatis.org/dtd/mybatis-3-mapper.dtd">
<mapper namespace="com.capstone.mappers.noticeMapper">
   
    <!-- 작성 -->
 <insert id="write">
  insert into NOTICE(bno, NOTICE_TITLE, NOTICE_CONTENT)
      values (NOTICE_seq.nextval, #{NOTICE_TITLE}, #{NOTICE_CONTENT})
 </insert>
 
 <!-- 조회 -->
 <select id="read" resultType="com.capstone.domain.NoticeVO">
  select bno, NOTICE_TITLE, NOTICE_CONTENT, NOTICE_DATE
   from NOTICE
    where bno = #{bno}
 </select>

 <!-- 수정 --> 
 <update id="update">
  update NOTICE
   set
    NOTICE_TITLE = #{NOTICE_TITLE},
    NOTICE_CONTENT = #{NOTICE_CONTENT}
   where bno = #{bno}  
 </update>
 
 <!-- 삭제 -->
 <delete id="delete">
  delete from
   NOTICE
  where bno = #{bno}
 </delete>
 
</mapper>